minecraft:stone,stone,1
minecraft:granite,granite,1:1
minecraft:polished_granite,polished_granite,1:2
minecraft:diorite,diorite,1:3
minecraft:polished_diorite,polished_diorite,1:4
minecraft:andesite,andesite,1:5
minecraft:polished_andesite,polished_andesite,1:6
minecraft:grass_block,grass_block,2
minecraft:dirt,dirt,3
minecraft:coarse_dirt,coarse_dirt,3:1
minecraft:podzol,podzol,3:2
minecraft:cobblestone,cobblestone,4
minecraft:oak_planks,oak_planks,5
minecraft:spruce_planks,spruce_planks,5:1
minecraft:birch_planks,birch_planks,5:2
minecraft:jungle_planks,jungle_planks,5:3
minecraft:acacia_planks,acacia_planks,5:4
minecraft:spruce_sapling,spruce_sapling,6:1
minecraft:birch_sapling,birch_sapling,6:2
minecraft:jungle_sapling,jungle_sapling,6:3
minecraft:acacia_sapling,acacia_sapling,6:4
minecraft:dark_oak_sapling,dark_oak_sapling,6:5
minecraft:bedrock,bedrock,7
minecraft:sand,sand,12
minecraft:red_sand,red_sand,12:1
minecraft:gravel,gravel,13
minecraft:gold_ore,gold_ore,14
minecraft:iron_ore,iron_ore,15
minecraft:coal_ore,coal_ore,16
minecraft:oak_log,oak_log,17
minecraft:spruce_log,spruce_log,17:1
minecraft:birch_log,birch_log,17:2
minecraft:jungle_log,jungle_log,17:3
minecraft:oak_leaves,oak_leaves,18
minecraft:spruce_leaves,spruce_leaves,18:1
minecraft:birch_leaves,birch_leaves,18:2
minecraft:jungle_leaves,jungle_leaves,18:3
minecraft:sponge,sponge,19
minecraft:wet_sponge,wet_sponge,19:1
minecraft:glass,glass,20
minecraft:lapis_ore,lapis_ore,21
minecraft:lapis_block,lapis_block,22
minecraft:dispenser,dispenser,23
minecraft:sandstone,sandstone,24
minecraft:chiseled_sandstone,chiseled_sandstone,24:1
minecraft:smooth_sandstone,smooth_sandstone,24:2
minecraft:note_block,note_block,25
minecraft:powered_rail,powered_rail,27
minecraft:detector_rail,detector_rail,28
minecraft:sticky_piston,sticky_piston,29
minecraft:cobweb,cobweb,30
minecraft:tall_grass,tall_grass,31:1
minecraft:bush,bush,31:2
minecraft:dead_bush,dead_bush,32
minecraft:piston,piston,33
minecraft:white_wool,white_wool,35
minecraft:orange_wool,orange_wool,35:1
minecraft:magenta_wool,magenta_wool,35:2
minecraft:light_blue_wool,light_blue_wool,35:3
minecraft:yellow_wool,yellow_wool,35:4
minecraft:lime_wool,lime_wool,35:5
minecraft:pink_wool,pink_wool,35:6
minecraft:gray_wool,gray_wool,35:7
minecraft:light_gray_wool,light_gray_wool,35:8
minecraft:cyan_wool,cyan_wool,35:9
minecraft:purple_wool,purple_wool,35:10
minecraft:blue_wool,blue_wool,35:11
minecraft:brown_wool,brown_wool,35:12
minecraft:green_wool,green_wool,35:13
minecraft:red_wool,red_wool,35:14
minecraft:black_wool,black_wool,35:15
minecraft:dandelion,dandelion,37
minecraft:poppy,poppy,38
minecraft:blue_orchid,blue_orchid,38:1
minecraft:allium,allium,38:2
minecraft:azure_bluet,azure_bluet,38:3
minecraft:red_tulip,red_tulip,38:4
minecraft:orange_tulip,orange_tulip,38:5
minecraft:white_tulip,white_tulip,38:6
minecraft:pink_tulip,pink_tulip,38:7
minecraft:oxeye_daisy,oxeye_daisy,38:8
minecraft:brown_mushroom,brown_mushroom,39
minecraft:red_mushroom,red_mushroom,40
minecraft:gold_block,gold_block,41
minecraft:iron_block,iron_block,42
minecraft:smooth_stone_slab,smooth_stone_slab,44
minecraft:sandstone_slab,sandstone_slab,44:1
minecraft:cobblestone_slab,cobblestone_slab,44:3
minecraft:brick_slab,brick_slab,44:4
minecraft:stone_brick_slab,stone_brick_slab,44:5
minecraft:nether_brick_slab,nether_brick_slab,44:6
minecraft:quartz_slab,quartz_slab,44:7
minecraft:bricks,bricks,45
minecraft:tnt,tnt,46
minecraft:bookshelf,bookshelf,47
minecraft:mossy_cobblestone,mossy_cobblestone,48
minecraft:obsidian,obsidian,49
minecraft:torch,torch,50
minecraft:spawner,spawner,52
minecraft:oak_stairs,oak_stairs,53
minecraft:chest,chest,54
minecraft:diamond_ore,diamond_ore,56
minecraft:diamond_block,diamond_block,57
minecraft:crafting_table,crafting_table,58
minecraft:furnace,furnace,61
minecraft:ladder,ladder,65
minecraft:rail,rail,66
minecraft:cobblestone_stairs,cobblestone_stairs,67
minecraft:lever,lever,69
minecraft:stone_pressure_plate,stone_pressure_plate,70
minecraft:oak_pressure_plate,oak_pressure_plate,72
minecraft:redstone_ore,redstone_ore,73
minecraft:redstone_torch,redstone_torch,76
minecraft:stone_button,stone_button,77
minecraft:ice,ice,79
minecraft:snow_block,snow_block,80
minecraft:cactus,cactus,81
minecraft:clay,clay,82
minecraft:jukebox,jukebox,84
minecraft:oak_fence,oak_fence,85
minecraft:pumpkin,pumpkin,86
minecraft:netherrack,netherrack,87
minecraft:mud,mud,88
minecraft:glowstone,glowstone,89
minecraft:jack_o_lantern,jack_o_lantern,91
minecraft:white_stained_glass,white_stained_glass,95
minecraft:orange_stained_glass,orange_stained_glass,95:1
minecraft:magenta_stained_glass,magenta_stained_glass,95:2
minecraft:light_blue_stained_glass,light_blue_stained_glass,95:3
minecraft:yellow_stained_glass,yellow_stained_glass,95:4
minecraft:lime_stained_glass,lime_stained_glass,95:5
minecraft:pink_stained_glass,pink_stained_glass,95:6
minecraft:gray_stained_glass,gray_stained_glass,95:7
minecraft:light_gray_stained_glass,light_gray_stained_glass,95:8
minecraft:cyan_stained_glass,cyan_stained_glass,95:9
minecraft:purple_stained_glass,purple_stained_glass,95:10
minecraft:blue_stained_glass,blue_stained_glass,95:11
minecraft:brown_stained_glass,brown_stained_glass,95:12
minecraft:green_stained_glass,green_stained_glass,95:13
minecraft:red_stained_glass,red_stained_glass,95:14
minecraft:black_stained_glass,black_stained_glass,95:15
minecraft:stone_bricks,stone_bricks,98
minecraft:mossy_stone_bricks,mossy_stone_bricks,98:1
minecraft:cracked_stone_bricks,cracked_stone_bricks,98:2
minecraft:iron_bars,iron_bars,101
minecraft:glass_pane,glass_pane,102
minecraft:melon,melon,103
minecraft:vine,vine,106
minecraft:oak_fence_gate,oak_fence_gate,107
minecraft:brick_stairs,brick_stairs,108
minecraft:stone_brick_stairs,stone_brick_stairs,109
minecraft:mycelium,mycelium,110
minecraft:lily_pad,lily_pad,111
minecraft:nether_brick_fence,nether_brick_fence,113
minecraft:nether_brick_stairs,nether_brick_stairs,114
minecraft:enchanting_table,enchanting_table,116
minecraft:end_portal_frame,end_portal_frame,120
minecraft:end_stone,end_stone,121
minecraft:dragon_egg,dragon_egg,122
minecraft:redstone_lamp,redstone_lamp,123
minecraft:oak_slab,oak_slab,126
minecraft:spruce_slab,spruce_slab,126:1
minecraft:birch_slab,birch_slab,126:2
minecraft:jungle_slab,jungle_slab,126:3
minecraft:acacia_slab,acacia_slab,126:4
minecraft:dark_oak_slab,dark_oak_slab,126:5
minecraft:sandstone_stairs,sandstone_stairs,128
minecraft:emerald_ore,emerald_ore,129
minecraft:ender_chest,ender_chest,130
minecraft:tripwire_hook,tripwire_hook,131
minecraft:emerald_block,emerald_block,133
minecraft:spruce_stairs,spruce_stairs,134
minecraft:birch_stairs,birch_stairs,135
minecraft:jungle_stairs,jungle_stairs,136
minecraft:command_block,command_block,137
minecraft:beacon,beacon,138
minecraft:cobblestone_wall,cobblestone_wall,139
minecraft:anvil,anvil,145
minecraft:damaged_anvil,damaged_anvil,145:1
minecraft:trapped_chest,trapped_chest,146
minecraft:light_weighted_pressure_plate,light_weighted_pressure_plate,147
minecraft:heavy_weighted_pressure_plate,heavy_weighted_pressure_plate,148
minecraft:redstone_block,redstone_block,152
minecraft:nether_quartz_ore,nether_quartz_ore,153
minecraft:hopper,hopper,154
minecraft:quartz_block,quartz_block,155
minecraft:chiseled_quartz_block,chiseled_quartz_block,155:1
minecraft:quartz_stairs,quartz_stairs,156
minecraft:activator_rail,activator_rail,157
minecraft:dropper,dropper,158
minecraft:terracotta,terracotta,159
minecraft:orange_terracotta,orange_terracotta,159:1
minecraft:magenta_terracotta,magenta_terracotta,159:2
minecraft:light_blue_terracotta,light_blue_terracotta,159:3
minecraft:yellow_terracotta,yellow_terracotta,159:4
minecraft:lime_terracotta,lime_terracotta,159:5
minecraft:pink_terracotta,pink_terracotta,159:6
minecraft:gray_terracotta,gray_terracotta,159:7
minecraft:light_gray_terracotta,light_gray_terracotta,159:8
minecraft:cyan_terracotta,cyan_terracotta,159:9
minecraft:purple_terracotta,purple_terracotta,159:10
minecraft:blue_terracotta,blue_terracotta,159:11
minecraft:brown_terracotta,brown_terracotta,159:12
minecraft:green_terracotta,green_terracotta,159:13
minecraft:red_terracotta,red_terracotta,159:14
minecraft:black_terracotta,black_terracotta,159:15
minecraft:white_stained_glass_pane,white_stained_glass_pane,160
minecraft:orange_stained_glass_pane,orange_stained_glass_pane,160:1
minecraft:magenta_stained_glass_pane,magenta_stained_glass_pane,160:2
minecraft:light_blue_stained_glass_pane,light_blue_stained_glass_pane,160:3
minecraft:yellow_stained_glass_pane,yellow_stained_glass_pane,160:4
minecraft:lime_stained_glass_pane,lime_stained_glass_pane,160:5
minecraft:pink_stained_glass_pane,pink_stained_glass_pane,160:6
minecraft:gray_stained_glass_pane,gray_stained_glass_pane,160:7
minecraft:light_gray_stained_glass_pane,light_gray_stained_glass_pane,160:8
minecraft:cyan_stained_glass_pane,cyan_stained_glass_pane,160:9
minecraft:purple_stained_glass_pane,purple_stained_glass_pane,160:10
minecraft:blue_stained_glass_pane,blue_stained_glass_pane,160:11
minecraft:brown_stained_glass_pane,brown_stained_glass_pane,160:12
minecraft:green_stained_glass_pane,green_stained_glass_pane,160:13
minecraft:red_stained_glass_pane,red_stained_glass_pane,160:14
minecraft:black_stained_glass_pane,black_stained_glass_pane,160:15
minecraft:acacia_leaves,acacia_leaves,161
minecraft:dark_oak_leaves,dark_oak_leaves,161:1
minecraft:acacia_log,acacia_log,162
minecraft:dark_oak_log,dark_oak_log,162:1
minecraft:acacia_stairs,acacia_stairs,163
minecraft:dark_oak_stairs,dark_oak_stairs,164
minecraft:slime_block,slime_block,165
minecraft:barrier,barrier,166
minecraft:iron_trapdoor,iron_trapdoor,167
minecraft:prismarine,prismarine,168
minecraft:dark_prismarine,dark_prismarine,168:2
minecraft:lantern,lantern,169
minecraft:hay_block,hay_block,170
minecraft:white_carpet,white_carpet,171
minecraft:orange_carpet,orange_carpet,171:1
minecraft:magenta_carpet,magenta_carpet,171:2
minecraft:light_blue_carpet,light_blue_carpet,171:3
minecraft:yellow_carpet,yellow_carpet,171:4
minecraft:lime_carpet,lime_carpet,171:5
minecraft:pink_carpet,pink_carpet,171:6
minecraft:gray_carpet,gray_carpet,171:7
minecraft:light_gray_carpet,light_gray_carpet,171:8
minecraft:cyan_carpet,cyan_carpet,171:9
minecraft:purple_carpet,purple_carpet,171:10
minecraft:blue_carpet,blue_carpet,171:11
minecraft:brown_carpet,brown_carpet,171:12
minecraft:green_carpet,green_carpet,171:13
minecraft:red_carpet,red_carpet,171:14
minecraft:black_carpet,black_carpet,171:15
minecraft:coal_block,coal_block,173
minecraft:packed_ice,packed_ice,174
minecraft:sunflower,sunflower,175
minecraft:lilac,lilac,175:1
minecraft:large_fern,large_fern,175:3
minecraft:rose_bush,rose_bush,175:4
minecraft:peony,peony,175:5
minecraft:red_sandstone,red_sandstone,179
minecraft:chiseled_red_sandstone,chiseled_red_sandstone,179:1
minecraft:smooth_red_sandstone,smooth_red_sandstone,179:2
minecraft:red_sandstone_stairs,red_sandstone_stairs,180
minecraft:red_sandstone_slab,red_sandstone_slab,182
minecraft:spruce_fence_gate,spruce_fence_gate,183
minecraft:birch_fence_gate,birch_fence_gate,184
minecraft:jungle_fence_gate,jungle_fence_gate,185
minecraft:dark_oak_fence_gate,dark_oak_fence_gate,186
minecraft:acacia_fence_gate,acacia_fence_gate,187
minecraft:spruce_fence,spruce_fence,188
minecraft:birch_fence,birch_fence,189
minecraft:jungle_fence,jungle_fence,190
minecraft:dark_oak_fence,dark_oak_fence,191
minecraft:acacia_fence,acacia_fence,192
minecraft:end_rod,end_rod,198
minecraft:chorus_plant,chorus_plant,199
minecraft:chorus_flower,chorus_flower,200
minecraft:purpur_block,purpur_block,201
minecraft:purpur_pillar,purpur_pillar,202
minecraft:purpur_stairs,purpur_stairs,203
minecraft:purpur_slab,purpur_slab,205
minecraft:end_stone_bricks,end_stone_bricks,206
minecraft:grass_path,dirt_path,208
minecraft:repeating_command_block,repeating_command_block,210
minecraft:chain_command_block,chain_command_block,211
minecraft:magma_block,magma_block,213
minecraft:nether_wart_block,nether_wart_block,214
minecraft:bone_block,bone_block,216
minecraft:structure_void,structure_void,217
minecraft:observer,observer,218
minecraft:shulker_box,shulker_box,219
minecraft:orange_shulker_box,orange_shulker_box,220
minecraft:magenta_shulker_box,magenta_shulker_box,221
minecraft:light_blue_shulker_box,light_blue_shulker_box,222
minecraft:yellow_shulker_box,yellow_shulker_box,223
minecraft:lime_shulker_box,lime_shulker_box,224
minecraft:pink_shulker_box,pink_shulker_box,225
minecraft:gray_shulker_box,gray_shulker_box,226
minecraft:light_gray_shulker_box,light_gray_shulker_box,227
minecraft:cyan_shulker_box,cyan_shulker_box,228
minecraft:purple_shulker_box,purple_shulker_box,229
minecraft:blue_shulker_box,blue_shulker_box,230
minecraft:brown_shulker_box,brown_shulker_box,231
minecraft:green_shulker_box,green_shulker_box,232
minecraft:red_shulker_box,red_shulker_box,233
minecraft:black_shulker_box,black_shulker_box,234
minecraft:white_concrete,white_concrete,251
minecraft:orange_concrete,orange_concrete,251:1
minecraft:magenta_concrete,magenta_concrete,251:2
minecraft:light_blue_concrete,light_blue_concrete,251:3
minecraft:yellow_concrete,yellow_concrete,251:4
minecraft:lime_concrete,lime_concrete,251:5
minecraft:pink_concrete,pink_concrete,251:6
minecraft:gray_concrete,gray_concrete,251:7
minecraft:light_gray_concrete,light_gray_concrete,251:8
minecraft:cyan_concrete,cyan_concrete,251:9
minecraft:purple_concrete,purple_concrete,251:10
minecraft:blue_concrete,blue_concrete,251:11
minecraft:brown_concrete,brown_concrete,251:12
minecraft:green_concrete,green_concrete,251:13
minecraft:red_concrete,red_concrete,251:14
minecraft:black_concrete,black_concrete,251:15
minecraft:white_concrete_powder,white_concrete_powder,252
minecraft:orange_concrete_powder,orange_concrete_powder,252:1
minecraft:magenta_concrete_powder,magenta_concrete_powder,252:2
minecraft:light_blue_concrete_powder,light_blue_concrete_powder,252:3
minecraft:yellow_concrete_powder,yellow_concrete_powder,252:4
minecraft:lime_concrete_powder,lime_concrete_powder,252:5
minecraft:pink_concrete_powder,pink_concrete_powder,252:6
minecraft:gray_concrete_powder,gray_concrete_powder,252:7
minecraft:light_gray_concrete_powder,light_gray_concrete_powder,252:8
minecraft:cyan_concrete_powder,cyan_concrete_powder,252:9
minecraft:purple_concrete_powder,purple_concrete_powder,252:10
minecraft:blue_concrete_powder,blue_concrete_powder,252:11
minecraft:brown_concrete_powder,brown_concrete_powder,252:12
minecraft:green_concrete_powder,green_concrete_powder,252:13
minecraft:red_concrete_powder,red_concrete_powder,252:14
minecraft:black_concrete_powder,black_concrete_powder,252:15
minecraft:structure_block,structure_block,255
minecraft:iron_shovel,iron_shovel,256
minecraft:iron_pickaxe,iron_pickaxe,257
minecraft:iron_axe,iron_axe,258
minecraft:flint_and_steel,flint_and_steel,259
minecraft:apple,apple,260
minecraft:bow,bow,261
minecraft:arrow,arrow,262
minecraft:coal,coal,263
minecraft:charcoal,charcoal,263:1
minecraft:diamond,diamond,264
minecraft:iron_ingot,iron_ingot,265
minecraft:gold_ingot,gold_ingot,266
minecraft:iron_sword,iron_sword,267
minecraft:wooden_sword,wooden_sword,268
minecraft:wooden_shovel,wooden_shovel,269
minecraft:wooden_pickaxe,wooden_pickaxe,270
minecraft:wooden_axe,wooden_axe,271
minecraft:stone_sword,stone_sword,272
minecraft:stone_shovel,stone_shovel,273
minecraft:stone_pickaxe,stone_pickaxe,274
minecraft:stone_axe,stone_axe,275
minecraft:diamond_sword,diamond_sword,276
minecraft:diamond_shovel,diamond_shovel,277
minecraft:diamond_pickaxe,diamond_pickaxe,278
minecraft:diamond_axe,diamond_axe,279
minecraft:stick,stick,280
minecraft:bowl,bowl,281
minecraft:golden_sword,golden_sword,283
minecraft:golden_shovel,golden_shovel,284
minecraft:golden_pickaxe,golden_pickaxe,285
minecraft:golden_axe,golden_axe,286
minecraft:string,string,287
minecraft:feather,feather,288
minecraft:gunpowder,gunpowder,289
minecraft:wooden_hoe,wooden_hoe,290
minecraft:stone_hoe,stone_hoe,291
minecraft:iron_hoe,iron_hoe,292
minecraft:diamond_hoe,diamond_hoe,293
minecraft:golden_hoe,golden_hoe,294
minecraft:wheat,wheat,296
minecraft:bread,bread,297
minecraft:leather_helmet,leather_helmet,298
minecraft:leather_chestplate,leather_chestplate,299
minecraft:leather_leggings,leather_leggings,300
minecraft:leather_boots,leather_boots,301
minecraft:chainmail_helmet,chainmail_helmet,302
minecraft:chainmail_chestplate,chainmail_chestplate,303
minecraft:chainmail_leggings,chainmail_leggings,304
minecraft:chainmail_boots,chainmail_boots,305
minecraft:iron_helmet,iron_helmet,306
minecraft:iron_chestplate,iron_chestplate,307
minecraft:iron_leggings,iron_leggings,308
minecraft:iron_boots,iron_boots,309
minecraft:diamond_helmet,diamond_helmet,310
minecraft:diamond_chestplate,diamond_chestplate,311
minecraft:diamond_leggings,diamond_leggings,312
minecraft:diamond_boots,diamond_boots,313
minecraft:golden_helmet,golden_helmet,314
minecraft:golden_chestplate,golden_chestplate,315
minecraft:golden_leggings,golden_leggings,316
minecraft:golden_boots,golden_boots,317
minecraft:flint,flint,318
minecraft:porkchop,porkchop,319
minecraft:cooked_porkchop,cooked_porkchop,320
minecraft:painting,painting,321
minecraft:golden_apple,golden_apple,322
minecraft:enchanted_golden_apple,enchanted_golden_apple,322:1
minecraft:oak_door,oak_door,324
minecraft:bucket,bucket,325
minecraft:water_bucket,water_bucket,326
minecraft:lava_bucket,lava_bucket,327
minecraft:minecart,minecart,328
minecraft:saddle,saddle,329
minecraft:iron_door,iron_door,330
minecraft:redstone,redstone,331
minecraft:snow,snow,332
minecraft:oak_boat,oak_boat,333
minecraft:leather,leather,334
minecraft:milk_bucket,milk_bucket,335
minecraft:brick,brick,336
minecraft:clay_ball,clay_ball,337
minecraft:bamboo,bamboo,338
minecraft:paper,paper,339
minecraft:book,book,340
minecraft:slime_ball,slime_ball,341
minecraft:chest_minecart,chest_minecart,342
minecraft:furnace_minecart,furnace_minecart,343
minecraft:egg,egg,344
minecraft:compass,compass,345
minecraft:fishing_rod,fishing_rod,346
minecraft:clock,clock,347
minecraft:glowstone_dust,glowstone_dust,348
minecraft:cod,cod,349
minecraft:salmon,salmon,349:1
minecraft:tropical_fish,tropical_fish,349:2
minecraft:pufferfish,pufferfish,349:3
minecraft:cooked_cod,cooked_cod,350
minecraft:cooked_salmon,cooked_salmon,350:1
minecraft:black_dye,black_dye,351
minecraft:red_dye,red_dye,351:1
minecraft:green_dye,green_dye,351:2
minecraft:brown_dye,brown_dye,351:3
minecraft:blue_dye,blue_dye,351:4
minecraft:purple_dye,purple_dye,351:5
minecraft:cyan_dye,cyan_dye,351:6
minecraft:light_gray_dye,light_gray_dye,351:7
minecraft:gray_dye,gray_dye,351:8
minecraft:pink_dye,pink_dye,351:9
minecraft:lime_dye,lime_dye,351:10
minecraft:yellow_dye,yellow_dye,351:11
minecraft:light_blue_dye,light_blue_dye,351:12
minecraft:magenta_dye,magenta_dye,351:13
minecraft:orange_dye,orange_dye,351:14
minecraft:bone_meal,bone_meal,351:15
minecraft:bone,bone,352
minecraft:sugar,sugar,353
minecraft:cake,cake,354
minecraft:white_bed,white_bed,355
minecraft:orange_bed,orange_bed,355:1
minecraft:magenta_bed,magenta_bed,355:2
minecraft:light_blue_bed,light_blue_bed,355:3
minecraft:yellow_bed,yellow_bed,355:4
minecraft:lime_bed,lime_bed,355:5
minecraft:pink_bed,pink_bed,355:6
minecraft:gray_bed,gray_bed,355:7
minecraft:light_gray_bed,light_gray_bed,355:8
minecraft:cyan_bed,cyan_bed,355:9
minecraft:purple_bed,purple_bed,355:10
minecraft:blue_bed,blue_bed,355:11
minecraft:brown_bed,brown_bed,355:12
minecraft:green_bed,green_bed,355:13
minecraft:red_bed,red_bed,355:14
minecraft:black_bed,black_bed,355:15
minecraft:repeater,repeater,356
minecraft:cookie,cookie,357
minecraft:shears,shears,359
minecraft:melon_slice,melon_slice,360
minecraft:pumpkin_seeds,pumpkin_seeds,361
minecraft:melon_seeds,melon_seeds,362
minecraft:beef,beef,363
minecraft:cooked_beef,cooked_beef,364
minecraft:chicken,chicken,365
minecraft:cooked_chicken,cooked_chicken,366
minecraft:rotten_flesh,rotten_flesh,367
minecraft:ender_pearl,ender_pearl,368
minecraft:blaze_rod,blaze_rod,369
minecraft:ghast_tear,ghast_tear,370
minecraft:gold_nugget,gold_nugget,371
minecraft:nether_wart,nether_wart,372
minecraft:potion,potion,373
minecraft:glass_bottle,glass_bottle,374
minecraft:spider_eye,spider_eye,375
minecraft:fermented_spider_eye,fermented_spider_eye,376
minecraft:blaze_powder,blaze_powder,377
minecraft:magma_cream,magma_cream,378
minecraft:brewing_stand,brewing_stand,379
minecraft:cauldron,cauldron,380
minecraft:ender_eye,ender_eye,381
minecraft:creeper_spawn_egg,creeper_spawn_egg,383:50
minecraft:skeleton_spawn_egg,skeleton_spawn_egg,383:51
minecraft:spider_spawn_egg,spider_spawn_egg,383:52
minecraft:zombie_spawn_egg,zombie_spawn_egg,383:54
minecraft:slime_spawn_egg,slime_spawn_egg,383:55
minecraft:ghast_spawn_egg,ghast_spawn_egg,383:56
minecraft:enderman_spawn_egg,enderman_spawn_egg,383:58
minecraft:cave_spider_spawn_egg,cave_spider_spawn_egg,383:59
minecraft:silverfish_spawn_egg,silverfish_spawn_egg,383:60
minecraft:blaze_spawn_egg,blaze_spawn_egg,383:61
minecraft:magma_cube_spawn_egg,magma_cube_spawn_egg,383:62
minecraft:bat_spawn_egg,bat_spawn_egg,383:65
minecraft:witch_spawn_egg,witch_spawn_egg,383:66
minecraft:endermite_spawn_egg,endermite_spawn_egg,383:67
minecraft:guardian_spawn_egg,guardian_spawn_egg,383:68
minecraft:shulker_spawn_egg,shulker_spawn_egg,383:69
minecraft:pig_spawn_egg,pig_spawn_egg,383:90
minecraft:sheep_spawn_egg,sheep_spawn_egg,383:91
minecraft:cow_spawn_egg,cow_spawn_egg,383:92
minecraft:chicken_spawn_egg,chicken_spawn_egg,383:93
minecraft:squid_spawn_egg,squid_spawn_egg,383:94
minecraft:wolf_spawn_egg,wolf_spawn_egg,383:95
minecraft:mooshroom_spawn_egg,mooshroom_spawn_egg,383:96
minecraft:snow_golem_spawn_egg,snow_golem_spawn_egg,383:97
minecraft:ocelot_spawn_egg,ocelot_spawn_egg,383:98
minecraft:iron_golem_spawn_egg,iron_golem_spawn_egg,383:99
minecraft:horse_spawn_egg,horse_spawn_egg,383:100
minecraft:rabbit_spawn_egg,rabbit_spawn_egg,383:101
minecraft:polar_bear_spawn_egg,polar_bear_spawn_egg,383:102
minecraft:villager_spawn_egg,villager_spawn_egg,383:120
minecraft:experience_bottle,experience_bottle,384
minecraft:fire_charge,fire_charge,385
minecraft:written_book,written_book,387
minecraft:emerald,emerald,388
minecraft:item_frame,item_frame,389
minecraft:flower_pot,flower_pot,390
minecraft:carrot,carrot,391
minecraft:potato,potato,392
minecraft:baked_potato,baked_potato,393
minecraft:poisonous_potato,poisonous_potato,394
minecraft:map,map,395
minecraft:golden_carrot,golden_carrot,396
minecraft:skeleton_skull,skeleton_skull,397
minecraft:wither_skeleton_skull,wither_skeleton_skull,397:1
minecraft:zombie_head,zombie_head,397:2
minecraft:player_head,player_head,397:3
minecraft:creeper_head,creeper_head,397:4
minecraft:dragon_head,dragon_head,397:5
minecraft:carrot_on_a_stick,carrot_on_a_stick,398
minecraft:nether_star,nether_star,399
minecraft:pumpkin_pie,pumpkin_pie,400
minecraft:firework_rocket,firework_rocket,401
minecraft:firework_star,firework_star,402
minecraft:enchanted_book,enchanted_book,403
minecraft:comparator,comparator,404
minecraft:nether_brick,nether_brick,405
minecraft:quartz,quartz,406
minecraft:tnt_minecart,tnt_minecart,407
minecraft:hopper_minecart,hopper_minecart,408
minecraft:prismarine_shard,prismarine_shard,409
minecraft:rabbit,rabbit,411
minecraft:cooked_rabbit,cooked_rabbit,412
minecraft:rabbit_stew,rabbit_stew,413
minecraft:rabbit_foot,rabbit_foot,414
minecraft:rabbit_hide,rabbit_hide,415
minecraft:armor_stand,armor_stand,416
minecraft:iron_horse_armor,iron_horse_armor,417
minecraft:golden_horse_armor,golden_horse_armor,418
minecraft:diamond_horse_armor,diamond_horse_armor,419
minecraft:lead,lead,420
minecraft:name_tag,name_tag,421
minecraft:command_block_minecart,command_block_minecart,422
minecraft:mutton,mutton,423
minecraft:cooked_mutton,cooked_mutton,424
minecraft:black_banner,black_banner,425
minecraft:red_banner,red_banner,425:1
minecraft:green_banner,green_banner,425:2
minecraft:brown_banner,brown_banner,425:3
minecraft:blue_banner,blue_banner,425:4
minecraft:purple_banner,purple_banner,425:5
minecraft:cyan_banner,cyan_banner,425:6
minecraft:pink_banner,pink_banner,425:9
minecraft:lime_banner,lime_banner,425:10
minecraft:yellow_banner,yellow_banner,425:11
minecraft:light_blue_banner,light_blue_banner,425:12
minecraft:magenta_banner,magenta_banner,425:13
minecraft:orange_banner,orange_banner,425:14
minecraft:white_banner,white_banner,425:15
minecraft:end_crystal,end_crystal,426
minecraft:spruce_door,spruce_door,427
minecraft:birch_door,birch_door,428
minecraft:jungle_door,jungle_door,429
minecraft:acacia_door,acacia_door,430
minecraft:dark_oak_door,dark_oak_door,431
minecraft:chorus_fruit,chorus_fruit,432
minecraft:beetroot,beetroot,434
minecraft:beetroot_seeds,beetroot_seeds,435
minecraft:beetroot_soup,beetroot_soup,436
minecraft:dragon_breath,dragon_breath,437
minecraft:spectral_arrow,spectral_arrow,439
minecraft:lingering_potion,lingering_potion,441
minecraft:shield,shield,442
minecraft:elytra,elytra,443
minecraft:spruce_boat,spruce_boat,444
minecraft:birch_boat,birch_boat,445
minecraft:jungle_boat,jungle_boat,446
minecraft:acacia_boat,acacia_boat,447
minecraft:dark_oak_boat,dark_oak_boat,448
minecraft:shulker_shell,shulker_shell,450
minecraft:iron_nugget,iron_nugget,452
minecraft:knowledge_book,knowledge_book,453
minecraft:music_disc_13,music_disc_13,2256
minecraft:music_disc_cat,music_disc_cat,2257
minecraft:music_disc_blocks,music_disc_blocks,2258
minecraft:music_disc_chirp,music_disc_chirp,2259
minecraft:music_disc_5,music_disc_5,2260
minecraft:music_disc_mall,music_disc_mall,2261
minecraft:music_disc_mellohi,music_disc_mellohi,2262
minecraft:music_disc_stal,music_disc_stal,2263
minecraft:music_disc_strad,music_disc_strad,2264
minecraft:music_disc_ward,music_disc_ward,2265
minecraft:music_disc_11,music_disc_11,2266
minecraft:music_disc_wait,music_disc_wait,2267
minecraft:acacia_button,acacia_button,null
minecraft:acacia_chest_boat,acacia_chest_boat,null
minecraft:acacia_hanging_sign,acacia_hanging_sign,null
minecraft:acacia_pressure_plate,acacia_pressure_plate,null
minecraft:acacia_sign,acacia_sign,null
minecraft:acacia_trapdoor,acacia_trapdoor,null
minecraft:air,air,null
minecraft:allay_spawn_egg,allay_spawn_egg,null
minecraft:amethyst_block,amethyst_block,null
minecraft:amethyst_cluster,amethyst_cluster,null
minecraft:amethyst_shard,amethyst_shard,null
minecraft:ancient_debris,ancient_debris,null
minecraft:andesite_slab,andesite_slab,null
minecraft:andesite_stairs,andesite_stairs,null
minecraft:andesite_wall,andesite_wall,null
minecraft:angler_pottery_sherd,angler_pottery_sherd,null
minecraft:archer_pottery_sherd,archer_pottery_sherd,null
minecraft:armadillo_scute,armadillo_scute,null
minecraft:armadillo_spawn_egg,armadillo_spawn_egg,null
minecraft:arms_up_pottery_sherd,arms_up_pottery_sherd,null
minecraft:axolotl_bucket,axolotl_bucket,null
minecraft:axolotl_spawn_egg,axolotl_spawn_egg,null
minecraft:azalea,azalea,null
minecraft:azalea_leaves,azalea_leaves,null
minecraft:bamboo_button,bamboo_button,null
minecraft:bamboo_chest_raft,bamboo_chest_raft,null
minecraft:bamboo_door,bamboo_door,null
minecraft:bamboo_fence,bamboo_fence,null
minecraft:bamboo_fence_gate,bamboo_fence_gate,null
minecraft:bamboo_hanging_sign,bamboo_hanging_sign,null
minecraft:bamboo_mosaic,bamboo_mosaic,null
minecraft:bamboo_mosaic_slab,bamboo_mosaic_slab,null
minecraft:bamboo_mosaic_stairs,bamboo_mosaic_stairs,null
minecraft:bamboo_planks,bamboo_planks,null
minecraft:bamboo_pressure_plate,bamboo_pressure_plate,null
minecraft:bamboo_raft,bamboo_raft,null
minecraft:bamboo_sign,bamboo_sign,null
minecraft:bamboo_slab,bamboo_slab,null
minecraft:bamboo_stairs,bamboo_stairs,null
minecraft:bamboo_trapdoor,bamboo_trapdoor,null
minecraft:barrel,barrel,null
minecraft:basalt,basalt,null
minecraft:bee_nest,bee_nest,null
minecraft:bee_spawn_egg,bee_spawn_egg,null
minecraft:beehive,beehive,null
minecraft:bell,bell,null
minecraft:big_dripleaf,big_dripleaf,null
minecraft:birch_button,birch_button,null
minecraft:birch_chest_boat,birch_chest_boat,null
minecraft:birch_hanging_sign,birch_hanging_sign,null
minecraft:birch_pressure_plate,birch_pressure_plate,null
minecraft:birch_sign,birch_sign,null
minecraft:birch_trapdoor,birch_trapdoor,null
minecraft:black_bundle,black_bundle,null
minecraft:black_candle,black_candle,null
minecraft:black_glazed_terracotta,black_glazed_terracotta,null
minecraft:blackstone,blackstone,null
minecraft:blackstone_slab,blackstone_slab,null
minecraft:blackstone_stairs,blackstone_stairs,null
minecraft:blackstone_wall,blackstone_wall,null
minecraft:blade_pottery_sherd,blade_pottery_sherd,null
minecraft:blast_furnace,blast_furnace,null
minecraft:blue_bundle,blue_bundle,null
minecraft:blue_candle,blue_candle,null
minecraft:blue_egg,blue_egg,null
minecraft:blue_glazed_terracotta,blue_glazed_terracotta,null
minecraft:blue_ice,blue_ice,null
minecraft:bogged_spawn_egg,bogged_spawn_egg,null
minecraft:bolt_armor_trim_smithing_template,bolt_armor_trim_smithing_template,null
minecraft:bordure_indented_banner_pattern,bordure_indented_banner_pattern,null
minecraft:brain_coral,brain_coral,null
minecraft:brain_coral_block,brain_coral_block,null
minecraft:brain_coral_fan,brain_coral_fan,null
minecraft:breeze_rod,breeze_rod,null
minecraft:breeze_spawn_egg,breeze_spawn_egg,null
minecraft:brewer_pottery_sherd,brewer_pottery_sherd,null
minecraft:brick_wall,brick_wall,null
minecraft:brown_bundle,brown_bundle,null
minecraft:brown_candle,brown_candle,null
minecraft:brown_egg,brown_egg,null
minecraft:brown_glazed_terracotta,brown_glazed_terracotta,null
minecraft:brown_mushroom_block,brown_mushroom_block,null
minecraft:brush,brush,null
minecraft:bubble_coral,bubble_coral,null
minecraft:bubble_coral_block,bubble_coral_block,null
minecraft:bubble_coral_fan,bubble_coral_fan,null
minecraft:budding_amethyst,budding_amethyst,null
minecraft:bundle,bundle,null
minecraft:burn_pottery_sherd,burn_pottery_sherd,null
minecraft:cactus_flower,cactus_flower,null
minecraft:calcite,calcite,null
minecraft:calibrated_sculk_sensor,calibrated_sculk_sensor,null
minecraft:camel_spawn_egg,camel_spawn_egg,null
minecraft:campfire,campfire,null
minecraft:candle,candle,null
minecraft:cartography_table,cartography_table,null
minecraft:carved_pumpkin,carved_pumpkin,null
minecraft:cat_spawn_egg,cat_spawn_egg,null
minecraft:chain,chain,null
minecraft:cherry_boat,cherry_boat,null
minecraft:cherry_button,cherry_button,null
minecraft:cherry_chest_boat,cherry_chest_boat,null
minecraft:cherry_door,cherry_door,null
minecraft:cherry_fence,cherry_fence,null
minecraft:cherry_fence_gate,cherry_fence_gate,null
minecraft:cherry_hanging_sign,cherry_hanging_sign,null
minecraft:cherry_leaves,cherry_leaves,null
minecraft:cherry_log,cherry_log,null
minecraft:cherry_planks,cherry_planks,null
minecraft:cherry_pressure_plate,cherry_pressure_plate,null
minecraft:cherry_sapling,cherry_sapling,null
minecraft:cherry_sign,cherry_sign,null
minecraft:cherry_slab,cherry_slab,null
minecraft:cherry_stairs,cherry_stairs,null
minecraft:cherry_trapdoor,cherry_trapdoor,null
minecraft:cherry_wood,cherry_wood,null
minecraft:chipped_anvil,chipped_anvil,null
minecraft:chiseled_bookshelf,chiseled_bookshelf,null
minecraft:chiseled_copper,chiseled_copper,null
minecraft:chiseled_deepslate,chiseled_deepslate,null
minecraft:chiseled_nether_bricks,chiseled_nether_bricks,null
minecraft:chiseled_polished_blackstone,chiseled_polished_blackstone,null
minecraft:chiseled_resin_bricks,chiseled_resin_bricks,null
minecraft:chiseled_stone_bricks,chiseled_stone_bricks,null
minecraft:chiseled_tuff,chiseled_tuff,null
minecraft:chiseled_tuff_bricks,chiseled_tuff_bricks,null
minecraft:closed_eyeblossom,closed_eyeblossom,null
minecraft:coast_armor_trim_smithing_template,coast_armor_trim_smithing_template,null
minecraft:cobbled_deepslate,cobbled_deepslate,null
minecraft:cobbled_deepslate_slab,cobbled_deepslate_slab,null
minecraft:cobbled_deepslate_stairs,cobbled_deepslate_stairs,null
minecraft:cobbled_deepslate_wall,cobbled_deepslate_wall,null
minecraft:cod_bucket,cod_bucket,null
minecraft:cod_spawn_egg,cod_spawn_egg,null
minecraft:composter,composter,null
minecraft:conduit,conduit,null
minecraft:copper_block,copper_block,null
minecraft:copper_bulb,copper_bulb,null
minecraft:copper_door,copper_door,null
minecraft:copper_grate,copper_grate,null
minecraft:copper_ingot,copper_ingot,null
minecraft:copper_ore,copper_ore,null
minecraft:copper_trapdoor,copper_trapdoor,null
minecraft:cornflower,cornflower,null
minecraft:cracked_deepslate_bricks,cracked_deepslate_bricks,null
minecraft:cracked_deepslate_tiles,cracked_deepslate_tiles,null
minecraft:cracked_nether_bricks,cracked_nether_bricks,null
minecraft:cracked_polished_blackstone_bricks,cracked_polished_blackstone_bricks,null
minecraft:crafter,crafter,null
minecraft:creaking_heart,creaking_heart,null
minecraft:creaking_spawn_egg,creaking_spawn_egg,null
minecraft:creeper_banner_pattern,creeper_banner_pattern,null
minecraft:crimson_button,crimson_button,null
minecraft:crimson_door,crimson_door,null
minecraft:crimson_fence,crimson_fence,null
minecraft:crimson_fence_gate,crimson_fence_gate,null
minecraft:crimson_fungus,crimson_fungus,null
minecraft:crimson_hanging_sign,crimson_hanging_sign,null
minecraft:crimson_hyphae,crimson_hyphae,null
minecraft:crimson_nylium,crimson_nylium,null
minecraft:crimson_planks,crimson_planks,null
minecraft:crimson_pressure_plate,crimson_pressure_plate,null
minecraft:crimson_roots,crimson_roots,null
minecraft:crimson_sign,crimson_sign,null
minecraft:crimson_slab,crimson_slab,null
minecraft:crimson_stairs,crimson_stairs,null
minecraft:crimson_stem,crimson_stem,null
minecraft:crimson_trapdoor,crimson_trapdoor,null
minecraft:crossbow,crossbow,null
minecraft:crying_obsidian,crying_obsidian,null
minecraft:cut_copper,cut_copper,null
minecraft:cut_copper_slab,cut_copper_slab,null
minecraft:cut_copper_stairs,cut_copper_stairs,null
minecraft:cut_red_sandstone,cut_red_sandstone,null
minecraft:cut_red_sandstone_slab,cut_red_sandstone_slab,null
minecraft:cut_sandstone,cut_sandstone,null
minecraft:cut_sandstone_slab,cut_sandstone_slab,null
minecraft:cyan_bundle,cyan_bundle,null
minecraft:cyan_candle,cyan_candle,null
minecraft:cyan_glazed_terracotta,cyan_glazed_terracotta,null
minecraft:danger_pottery_sherd,danger_pottery_sherd,null
minecraft:dark_oak_button,dark_oak_button,null
minecraft:dark_oak_chest_boat,dark_oak_chest_boat,null
minecraft:dark_oak_hanging_sign,dark_oak_hanging_sign,null
minecraft:dark_oak_planks,dark_oak_planks,null
minecraft:dark_oak_pressure_plate,dark_oak_pressure_plate,null
minecraft:dark_oak_sign,dark_oak_sign,null
minecraft:dark_oak_trapdoor,dark_oak_trapdoor,null
minecraft:dark_prismarine_slab,dark_prismarine_slab,null
minecraft:dark_prismarine_stairs,dark_prismarine_stairs,null
minecraft:daylight_detector,daylight_detector,null
minecraft:dead_brain_coral,dead_brain_coral,null
minecraft:dead_brain_coral_block,dead_brain_coral_block,null
minecraft:dead_brain_coral_fan,dead_brain_coral_fan,null
minecraft:dead_bubble_coral,dead_bubble_coral,null
minecraft:dead_bubble_coral_block,dead_bubble_coral_block,null
minecraft:dead_bubble_coral_fan,dead_bubble_coral_fan,null
minecraft:dead_fire_coral,dead_fire_coral,null
minecraft:dead_fire_coral_block,dead_fire_coral_block,null
minecraft:dead_fire_coral_fan,dead_fire_coral_fan,null
minecraft:dead_horn_coral,dead_horn_coral,null
minecraft:dead_horn_coral_block,dead_horn_coral_block,null
minecraft:dead_horn_coral_fan,dead_horn_coral_fan,null
minecraft:dead_tube_coral,dead_tube_coral,null
minecraft:dead_tube_coral_block,dead_tube_coral_block,null
minecraft:dead_tube_coral_fan,dead_tube_coral_fan,null
minecraft:debug_stick,debug_stick,null
minecraft:decorated_pot,decorated_pot,null
minecraft:deepslate,deepslate,null
minecraft:deepslate_brick_slab,deepslate_brick_slab,null
minecraft:deepslate_brick_stairs,deepslate_brick_stairs,null
minecraft:deepslate_brick_wall,deepslate_brick_wall,null
minecraft:deepslate_bricks,deepslate_bricks,null
minecraft:deepslate_coal_ore,deepslate_coal_ore,null
minecraft:deepslate_copper_ore,deepslate_copper_ore,null
minecraft:deepslate_diamond_ore,deepslate_diamond_ore,null
minecraft:deepslate_emerald_ore,deepslate_emerald_ore,null
minecraft:deepslate_gold_ore,deepslate_gold_ore,null
minecraft:deepslate_iron_ore,deepslate_iron_ore,null
minecraft:deepslate_lapis_ore,deepslate_lapis_ore,null
minecraft:deepslate_redstone_ore,deepslate_redstone_ore,null
minecraft:deepslate_tile_slab,deepslate_tile_slab,null
minecraft:deepslate_tile_stairs,deepslate_tile_stairs,null
minecraft:deepslate_tile_wall,deepslate_tile_wall,null
minecraft:deepslate_tiles,deepslate_tiles,null
minecraft:diorite_slab,diorite_slab,null
minecraft:diorite_stairs,diorite_stairs,null
minecraft:diorite_wall,diorite_wall,null
minecraft:disc_fragment_5,disc_fragment_5,null
minecraft:dolphin_spawn_egg,dolphin_spawn_egg,null
minecraft:donkey_spawn_egg,donkey_spawn_egg,null
minecraft:dried_kelp,dried_kelp,null
minecraft:dried_kelp_block,dried_kelp_block,null
minecraft:dripstone_block,dripstone_block,null
minecraft:drowned_spawn_egg,drowned_spawn_egg,null
minecraft:dune_armor_trim_smithing_template,dune_armor_trim_smithing_template,null
minecraft:echo_shard,echo_shard,null
minecraft:elder_guardian_spawn_egg,elder_guardian_spawn_egg,null
minecraft:end_stone_brick_slab,end_stone_brick_slab,null
minecraft:end_stone_brick_stairs,end_stone_brick_stairs,null
minecraft:end_stone_brick_wall,end_stone_brick_wall,null
minecraft:evoker_spawn_egg,evoker_spawn_egg,null
minecraft:explorer_pottery_sherd,explorer_pottery_sherd,null
minecraft:exposed_chiseled_copper,exposed_chiseled_copper,null
minecraft:exposed_copper,exposed_copper,null
minecraft:exposed_copper_bulb,exposed_copper_bulb,null
minecraft:exposed_copper_door,exposed_copper_door,null
minecraft:exposed_copper_grate,exposed_copper_grate,null
minecraft:exposed_copper_trapdoor,exposed_copper_trapdoor,null
minecraft:exposed_cut_copper,exposed_cut_copper,null
minecraft:exposed_cut_copper_slab,exposed_cut_copper_slab,null
minecraft:exposed_cut_copper_stairs,exposed_cut_copper_stairs,null
minecraft:eye_armor_trim_smithing_template,eye_armor_trim_smithing_template,null
minecraft:farmland,farmland,null
minecraft:field_masoned_banner_pattern,field_masoned_banner_pattern,null
minecraft:filled_map,filled_map,null
minecraft:fire_coral,fire_coral,null
minecraft:fire_coral_block,fire_coral_block,null
minecraft:fire_coral_fan,fire_coral_fan,null
minecraft:firefly_bush,firefly_bush,null
minecraft:fletching_table,fletching_table,null
minecraft:flow_armor_trim_smithing_template,flow_armor_trim_smithing_template,null
minecraft:flow_banner_pattern,flow_banner_pattern,null
minecraft:flow_pottery_sherd,flow_pottery_sherd,null
minecraft:flower_banner_pattern,flower_banner_pattern,null
minecraft:flowering_azalea,flowering_azalea,null
minecraft:flowering_azalea_leaves,flowering_azalea_leaves,null
minecraft:fox_spawn_egg,fox_spawn_egg,null
minecraft:friend_pottery_sherd,friend_pottery_sherd,null
minecraft:frog_spawn_egg,frog_spawn_egg,null
minecraft:frogspawn,frogspawn,null
minecraft:gilded_blackstone,gilded_blackstone,null
minecraft:glistering_melon_slice,glistering_melon_slice,null
minecraft:globe_banner_pattern,globe_banner_pattern,null
minecraft:glow_berries,glow_berries,null
minecraft:glow_ink_sac,glow_ink_sac,null
minecraft:glow_item_frame,glow_item_frame,null
minecraft:glow_lichen,glow_lichen,null
minecraft:glow_squid_spawn_egg,glow_squid_spawn_egg,null
minecraft:goat_horn,goat_horn,null
minecraft:goat_spawn_egg,goat_spawn_egg,null
minecraft:granite_slab,granite_slab,null
minecraft:granite_stairs,granite_stairs,null
minecraft:granite_wall,granite_wall,null
minecraft:gray_banner,gray_banner,null
minecraft:gray_bundle,gray_bundle,null
minecraft:gray_candle,gray_candle,null
minecraft:gray_glazed_terracotta,gray_glazed_terracotta,null
minecraft:green_bundle,green_bundle,null
minecraft:green_candle,green_candle,null
minecraft:green_glazed_terracotta,green_glazed_terracotta,null
minecraft:grindstone,grindstone,null
minecraft:guster_banner_pattern,guster_banner_pattern,null
minecraft:guster_pottery_sherd,guster_pottery_sherd,null
minecraft:hanging_roots,hanging_roots,null
minecraft:heart_of_the_sea,heart_of_the_sea,null
minecraft:heart_pottery_sherd,heart_pottery_sherd,null
minecraft:heartbreak_pottery_sherd,heartbreak_pottery_sherd,null
minecraft:heavy_core,heavy_core,null
minecraft:hoglin_spawn_egg,hoglin_spawn_egg,null
minecraft:honey_block,honey_block,null
minecraft:honey_bottle,honey_bottle,null
minecraft:honeycomb,honeycomb,null
minecraft:honeycomb_block,honeycomb_block,null
minecraft:horn_coral,horn_coral,null
minecraft:horn_coral_block,horn_coral_block,null
minecraft:horn_coral_fan,horn_coral_fan,null
minecraft:host_armor_trim_smithing_template,host_armor_trim_smithing_template,null
minecraft:howl_pottery_sherd,howl_pottery_sherd,null
minecraft:husk_spawn_egg,husk_spawn_egg,null
minecraft:infested_chiseled_stone_bricks,infested_chiseled_stone_bricks,null
minecraft:infested_cobblestone,infested_cobblestone,null
minecraft:infested_cracked_stone_bricks,infested_cracked_stone_bricks,null
minecraft:infested_deepslate,infested_deepslate,null
minecraft:infested_mossy_stone_bricks,infested_mossy_stone_bricks,null
minecraft:infested_stone,infested_stone,null
minecraft:infested_stone_bricks,infested_stone_bricks,null
minecraft:jigsaw,jigsaw,null
minecraft:jungle_button,jungle_button,null
minecraft:jungle_chest_boat,jungle_chest_boat,null
minecraft:jungle_hanging_sign,jungle_hanging_sign,null
minecraft:jungle_pressure_plate,jungle_pressure_plate,null
minecraft:jungle_sign,jungle_sign,null
minecraft:jungle_trapdoor,jungle_trapdoor,null
minecraft:kelp,kelp,null
minecraft:large_amethyst_bud,large_amethyst_bud,null
minecraft:leaf_litter,leaf_litter,null
minecraft:leather_horse_armor,leather_horse_armor,null
minecraft:lectern,lectern,null
minecraft:light,light,null
minecraft:light_blue_bundle,light_blue_bundle,null
minecraft:light_blue_candle,light_blue_candle,null
minecraft:light_blue_glazed_terracotta,light_blue_glazed_terracotta,null
minecraft:light_gray_banner,light_gray_banner,null
minecraft:light_gray_bundle,light_gray_bundle,null
minecraft:light_gray_candle,light_gray_candle,null
minecraft:light_gray_glazed_terracotta,light_gray_glazed_terracotta,null
minecraft:lightning_rod,lightning_rod,null
minecraft:lily_of_the_valley,lily_of_the_valley,null
minecraft:lime_bundle,lime_bundle,null
minecraft:lime_candle,lime_candle,null
minecraft:lime_glazed_terracotta,lime_glazed_terracotta,null
minecraft:llama_spawn_egg,llama_spawn_egg,null
minecraft:lodestone,lodestone,null
minecraft:loom,loom,null
minecraft:mace,mace,null
minecraft:magenta_bundle,magenta_bundle,null
minecraft:magenta_candle,magenta_candle,null
minecraft:magenta_glazed_terracotta,magenta_glazed_terracotta,null
minecraft:mangrove_boat,mangrove_boat,null
minecraft:mangrove_button,mangrove_button,null
minecraft:mangrove_chest_boat,mangrove_chest_boat,null
minecraft:mangrove_door,mangrove_door,null
minecraft:mangrove_fence,mangrove_fence,null
minecraft:mangrove_fence_gate,mangrove_fence_gate,null
minecraft:mangrove_hanging_sign,mangrove_hanging_sign,null
minecraft:mangrove_leaves,mangrove_leaves,null
minecraft:mangrove_log,mangrove_log,null
minecraft:mangrove_planks,mangrove_planks,null
minecraft:mangrove_pressure_plate,mangrove_pressure_plate,null
minecraft:mangrove_propagule,mangrove_propagule,null
minecraft:mangrove_roots,mangrove_roots,null
minecraft:mangrove_sign,mangrove_sign,null
minecraft:mangrove_slab,mangrove_slab,null
minecraft:mangrove_stairs,mangrove_stairs,null
minecraft:mangrove_trapdoor,mangrove_trapdoor,null
minecraft:mangrove_wood,mangrove_wood,null
minecraft:medium_amethyst_bud,medium_amethyst_bud,null
minecraft:miner_pottery_sherd,miner_pottery_sherd,null
minecraft:mojang_banner_pattern,mojang_banner_pattern,null
minecraft:moss_block,moss_block,null
minecraft:moss_carpet,moss_carpet,null
minecraft:mossy_cobblestone_slab,mossy_cobblestone_slab,null
minecraft:mossy_cobblestone_stairs,mossy_cobblestone_stairs,null
minecraft:mossy_cobblestone_wall,mossy_cobblestone_wall,null
minecraft:mossy_stone_brick_slab,mossy_stone_brick_slab,null
minecraft:mossy_stone_brick_stairs,mossy_stone_brick_stairs,null
minecraft:mossy_stone_brick_wall,mossy_stone_brick_wall,null
minecraft:mourner_pottery_sherd,mourner_pottery_sherd,null
minecraft:mud_brick_slab,mud_brick_slab,null
minecraft:mud_brick_stairs,mud_brick_stairs,null
minecraft:mud_brick_wall,mud_brick_wall,null
minecraft:mud_bricks,mud_bricks,null
minecraft:muddy_mangrove_roots,muddy_mangrove_roots,null
minecraft:mule_spawn_egg,mule_spawn_egg,null
minecraft:mushroom_stem,mushroom_stem,null
minecraft:mushroom_stew,mushroom_stew,null
minecraft:music_disc_creator,music_disc_creator,null
minecraft:music_disc_creator_music_box,music_disc_creator_music_box,null
minecraft:music_disc_otherside,music_disc_otherside,null
minecraft:music_disc_pigstep,music_disc_pigstep,null
minecraft:music_disc_precipice,music_disc_precipice,null
minecraft:music_disc_relic,music_disc_relic,null
minecraft:nautilus_shell,nautilus_shell,null
minecraft:nether_brick_wall,nether_brick_wall,null
minecraft:nether_bricks,nether_bricks,null
minecraft:nether_gold_ore,nether_gold_ore,null
minecraft:nether_sprouts,nether_sprouts,null
minecraft:netherite_axe,netherite_axe,null
minecraft:netherite_block,netherite_block,null
minecraft:netherite_boots,netherite_boots,null
minecraft:netherite_chestplate,netherite_chestplate,null
minecraft:netherite_helmet,netherite_helmet,null
minecraft:netherite_hoe,netherite_hoe,null
minecraft:netherite_ingot,netherite_ingot,null
minecraft:netherite_leggings,netherite_leggings,null
minecraft:netherite_pickaxe,netherite_pickaxe,null
minecraft:netherite_scrap,netherite_scrap,null
minecraft:netherite_shovel,netherite_shovel,null
minecraft:netherite_sword,netherite_sword,null
minecraft:netherite_upgrade_smithing_template,netherite_upgrade_smithing_template,null
minecraft:oak_button,oak_button,null
minecraft:oak_chest_boat,oak_chest_boat,null
minecraft:oak_hanging_sign,oak_hanging_sign,null
minecraft:oak_sapling,oak_sapling,null
minecraft:oak_sign,oak_sign,null
minecraft:oak_trapdoor,oak_trapdoor,null
minecraft:ochre_froglight,ochre_froglight,null
minecraft:ominous_bottle,ominous_bottle,null
minecraft:ominous_trial_key,ominous_trial_key,null
minecraft:open_eyeblossom,open_eyeblossom,null
minecraft:orange_bundle,orange_bundle,null
minecraft:orange_candle,orange_candle,null
minecraft:orange_glazed_terracotta,orange_glazed_terracotta,null
minecraft:oxidized_chiseled_copper,oxidized_chiseled_copper,null
minecraft:oxidized_copper,oxidized_copper,null
minecraft:oxidized_copper_bulb,oxidized_copper_bulb,null
minecraft:oxidized_copper_door,oxidized_copper_door,null
minecraft:oxidized_copper_grate,oxidized_copper_grate,null
minecraft:oxidized_copper_trapdoor,oxidized_copper_trapdoor,null
minecraft:oxidized_cut_copper,oxidized_cut_copper,null
minecraft:oxidized_cut_copper_slab,oxidized_cut_copper_slab,null
minecraft:oxidized_cut_copper_stairs,oxidized_cut_copper_stairs,null
minecraft:packed_mud,packed_mud,null
minecraft:pale_hanging_moss,pale_hanging_moss,null
minecraft:pale_moss_block,pale_moss_block,null
minecraft:pale_moss_carpet,pale_moss_carpet,null
minecraft:pale_oak_boat,pale_oak_boat,null
minecraft:pale_oak_button,pale_oak_button,null
minecraft:pale_oak_chest_boat,pale_oak_chest_boat,null
minecraft:pale_oak_door,pale_oak_door,null
minecraft:pale_oak_fence,pale_oak_fence,null
minecraft:pale_oak_fence_gate,pale_oak_fence_gate,null
minecraft:pale_oak_hanging_sign,pale_oak_hanging_sign,null
minecraft:pale_oak_leaves,pale_oak_leaves,null
minecraft:pale_oak_log,pale_oak_log,null
minecraft:pale_oak_planks,pale_oak_planks,null
minecraft:pale_oak_pressure_plate,pale_oak_pressure_plate,null
minecraft:pale_oak_sapling,pale_oak_sapling,null
minecraft:pale_oak_sign,pale_oak_sign,null
minecraft:pale_oak_slab,pale_oak_slab,null
minecraft:pale_oak_stairs,pale_oak_stairs,null
minecraft:pale_oak_trapdoor,pale_oak_trapdoor,null
minecraft:pale_oak_wood,pale_oak_wood,null
minecraft:panda_spawn_egg,panda_spawn_egg,null
minecraft:parrot_spawn_egg,parrot_spawn_egg,null
minecraft:pearlescent_froglight,pearlescent_froglight,null
minecraft:petrified_oak_slab,petrified_oak_slab,null
minecraft:phantom_membrane,phantom_membrane,null
minecraft:phantom_spawn_egg,phantom_spawn_egg,null
minecraft:piglin_banner_pattern,piglin_banner_pattern,null
minecraft:piglin_brute_spawn_egg,piglin_brute_spawn_egg,null
minecraft:piglin_head,piglin_head,null
minecraft:piglin_spawn_egg,piglin_spawn_egg,null
minecraft:pillager_spawn_egg,pillager_spawn_egg,null
minecraft:pink_bundle,pink_bundle,null
minecraft:pink_candle,pink_candle,null
minecraft:pink_glazed_terracotta,pink_glazed_terracotta,null
minecraft:pink_petals,pink_petals,null
minecraft:pitcher_plant,pitcher_plant,null
minecraft:pitcher_pod,pitcher_pod,null
minecraft:plenty_pottery_sherd,plenty_pottery_sherd,null
minecraft:pointed_dripstone,pointed_dripstone,null
minecraft:polished_andesite_slab,polished_andesite_slab,null
minecraft:polished_andesite_stairs,polished_andesite_stairs,null
minecraft:polished_basalt,polished_basalt,null
minecraft:polished_blackstone,polished_blackstone,null
minecraft:polished_blackstone_brick_slab,polished_blackstone_brick_slab,null
minecraft:polished_blackstone_brick_stairs,polished_blackstone_brick_stairs,null
minecraft:polished_blackstone_brick_wall,polished_blackstone_brick_wall,null
minecraft:polished_blackstone_bricks,polished_blackstone_bricks,null
minecraft:polished_blackstone_button,polished_blackstone_button,null
minecraft:polished_blackstone_pressure_plate,polished_blackstone_pressure_plate,null
minecraft:polished_blackstone_slab,polished_blackstone_slab,null
minecraft:polished_blackstone_stairs,polished_blackstone_stairs,null
minecraft:polished_blackstone_wall,polished_blackstone_wall,null
minecraft:polished_deepslate,polished_deepslate,null
minecraft:polished_deepslate_slab,polished_deepslate_slab,null
minecraft:polished_deepslate_stairs,polished_deepslate_stairs,null
minecraft:polished_deepslate_wall,polished_deepslate_wall,null
minecraft:polished_diorite_slab,polished_diorite_slab,null
minecraft:polished_diorite_stairs,polished_diorite_stairs,null
minecraft:polished_granite_slab,polished_granite_slab,null
minecraft:polished_granite_stairs,polished_granite_stairs,null
minecraft:polished_tuff,polished_tuff,null
minecraft:polished_tuff_slab,polished_tuff_slab,null
minecraft:polished_tuff_stairs,polished_tuff_stairs,null
minecraft:polished_tuff_wall,polished_tuff_wall,null
minecraft:popped_chorus_fruit,popped_chorus_fruit,null
minecraft:powder_snow_bucket,powder_snow_bucket,null
minecraft:prismarine_brick_slab,prismarine_brick_slab,null
minecraft:prismarine_brick_stairs,prismarine_brick_stairs,null
minecraft:prismarine_bricks,prismarine_bricks,null
minecraft:prismarine_crystals,prismarine_crystals,null
minecraft:prismarine_slab,prismarine_slab,null
minecraft:prismarine_stairs,prismarine_stairs,null
minecraft:prismarine_wall,prismarine_wall,null
minecraft:prize_pottery_sherd,prize_pottery_sherd,null
minecraft:pufferfish_bucket,pufferfish_bucket,null
minecraft:pufferfish_spawn_egg,pufferfish_spawn_egg,null
minecraft:purple_bundle,purple_bundle,null
minecraft:purple_candle,purple_candle,null
minecraft:purple_glazed_terracotta,purple_glazed_terracotta,null
minecraft:quartz_bricks,quartz_bricks,null
minecraft:quartz_pillar,quartz_pillar,null
minecraft:raiser_armor_trim_smithing_template,raiser_armor_trim_smithing_template,null
minecraft:ravager_spawn_egg,ravager_spawn_egg,null
minecraft:raw_copper,raw_copper,null
minecraft:raw_copper_block,raw_copper_block,null
minecraft:raw_gold,raw_gold,null
minecraft:raw_gold_block,raw_gold_block,null
minecraft:raw_iron,raw_iron,null
minecraft:raw_iron_block,raw_iron_block,null
minecraft:recovery_compass,recovery_compass,null
minecraft:red_bundle,red_bundle,null
minecraft:red_candle,red_candle,null
minecraft:red_glazed_terracotta,red_glazed_terracotta,null
minecraft:red_mushroom_block,red_mushroom_block,null
minecraft:red_nether_brick_slab,red_nether_brick_slab,null
minecraft:red_nether_brick_stairs,red_nether_brick_stairs,null
minecraft:red_nether_brick_wall,red_nether_brick_wall,null
minecraft:red_nether_bricks,red_nether_bricks,null
minecraft:red_sandstone_wall,red_sandstone_wall,null
minecraft:reinforced_deepslate,reinforced_deepslate,null
minecraft:resin_block,resin_block,null
minecraft:resin_brick,resin_brick,null
minecraft:resin_brick_slab,resin_brick_slab,null
minecraft:resin_brick_stairs,resin_brick_stairs,null
minecraft:resin_brick_wall,resin_brick_wall,null
minecraft:resin_bricks,resin_bricks,null
minecraft:resin_clump,resin_clump,null
minecraft:respawn_anchor,respawn_anchor,null
minecraft:rib_armor_trim_smithing_template,rib_armor_trim_smithing_template,null
minecraft:rooted_dirt,rooted_dirt,null
minecraft:salmon_bucket,salmon_bucket,null
minecraft:salmon_spawn_egg,salmon_spawn_egg,null
minecraft:sandstone_wall,sandstone_wall,null
minecraft:scaffolding,scaffolding,null
minecraft:scrape_pottery_sherd,scrape_pottery_sherd,null
minecraft:sculk,sculk,null
minecraft:sculk_catalyst,sculk_catalyst,null
minecraft:sculk_sensor,sculk_sensor,null
minecraft:sculk_shrieker,sculk_shrieker,null
minecraft:sculk_vein,sculk_vein,null
minecraft:sea_pickle,sea_pickle,null
minecraft:seagrass,seagrass,null
minecraft:sentry_armor_trim_smithing_template,sentry_armor_trim_smithing_template,null
minecraft:shaper_armor_trim_smithing_template,shaper_armor_trim_smithing_template,null
minecraft:sheaf_pottery_sherd,sheaf_pottery_sherd,null
minecraft:shelter_pottery_sherd,shelter_pottery_sherd,null
minecraft:short_dry_grass,short_dry_grass,null
minecraft:short_grass,short_grass,null
minecraft:shroomlight,shroomlight,null
minecraft:silence_armor_trim_smithing_template,silence_armor_trim_smithing_template,null
minecraft:skeleton_horse_spawn_egg,skeleton_horse_spawn_egg,null
minecraft:skull_banner_pattern,skull_banner_pattern,null
minecraft:skull_pottery_sherd,skull_pottery_sherd,null
minecraft:small_amethyst_bud,small_amethyst_bud,null
minecraft:small_dripleaf,small_dripleaf,null
minecraft:smithing_table,smithing_table,null
minecraft:smoker,smoker,null
minecraft:smooth_basalt,smooth_basalt,null
minecraft:smooth_quartz,smooth_quartz,null
minecraft:smooth_quartz_slab,smooth_quartz_slab,null
minecraft:smooth_quartz_stairs,smooth_quartz_stairs,null
minecraft:smooth_red_sandstone_slab,smooth_red_sandstone_slab,null
minecraft:smooth_red_sandstone_stairs,smooth_red_sandstone_stairs,null
minecraft:smooth_sandstone_slab,smooth_sandstone_slab,null
minecraft:smooth_sandstone_stairs,smooth_sandstone_stairs,null
minecraft:smooth_stone,smooth_stone,null
minecraft:sniffer_egg,sniffer_egg,null
minecraft:sniffer_spawn_egg,sniffer_spawn_egg,null
minecraft:snort_pottery_sherd,snort_pottery_sherd,null
minecraft:snout_armor_trim_smithing_template,snout_armor_trim_smithing_template,null
minecraft:soul_campfire,soul_campfire,null
minecraft:soul_lantern,soul_lantern,null
minecraft:soul_soil,soul_soil,null
minecraft:soul_torch,soul_torch,null
minecraft:spire_armor_trim_smithing_template,spire_armor_trim_smithing_template,null
minecraft:splash_potion,splash_potion,null
minecraft:spore_blossom,spore_blossom,null
minecraft:spruce_button,spruce_button,null
minecraft:spruce_chest_boat,spruce_chest_boat,null
minecraft:spruce_hanging_sign,spruce_hanging_sign,null
minecraft:spruce_pressure_plate,spruce_pressure_plate,null
minecraft:spruce_sign,spruce_sign,null
minecraft:spruce_trapdoor,spruce_trapdoor,null
minecraft:spyglass,spyglass,null
minecraft:stone_brick_wall,stone_brick_wall,null
minecraft:stonecutter,stonecutter,null
minecraft:stray_spawn_egg,stray_spawn_egg,null
minecraft:strider_spawn_egg,strider_spawn_egg,null
minecraft:stripped_acacia_log,stripped_acacia_log,null
minecraft:stripped_acacia_wood,stripped_acacia_wood,null
minecraft:stripped_bamboo_block,stripped_bamboo_block,null
minecraft:stripped_birch_log,stripped_birch_log,null
minecraft:stripped_birch_wood,stripped_birch_wood,null
minecraft:stripped_cherry_log,stripped_cherry_log,null
minecraft:stripped_cherry_wood,stripped_cherry_wood,null
minecraft:stripped_crimson_hyphae,stripped_crimson_hyphae,null
minecraft:stripped_crimson_stem,stripped_crimson_stem,null
minecraft:stripped_dark_oak_log,stripped_dark_oak_log,null
minecraft:stripped_dark_oak_wood,stripped_dark_oak_wood,null
minecraft:stripped_jungle_log,stripped_jungle_log,null
minecraft:stripped_jungle_wood,stripped_jungle_wood,null
minecraft:stripped_mangrove_log,stripped_mangrove_log,null
minecraft:stripped_mangrove_wood,stripped_mangrove_wood,null
minecraft:stripped_oak_log,stripped_oak_log,null
minecraft:stripped_oak_wood,stripped_oak_wood,null
minecraft:stripped_pale_oak_log,stripped_pale_oak_log,null
minecraft:stripped_pale_oak_wood,stripped_pale_oak_wood,null
minecraft:stripped_spruce_log,stripped_spruce_log,null
minecraft:stripped_spruce_wood,stripped_spruce_wood,null
minecraft:stripped_warped_hyphae,stripped_warped_hyphae,null
minecraft:stripped_warped_stem,stripped_warped_stem,null
minecraft:suspicious_gravel,suspicious_gravel,null
minecraft:suspicious_sand,suspicious_sand,null
minecraft:suspicious_stew,suspicious_stew,null
minecraft:sweet_berries,sweet_berries,null
minecraft:tadpole_bucket,tadpole_bucket,null
minecraft:tadpole_spawn_egg,tadpole_spawn_egg,null
minecraft:tall_dry_grass,tall_dry_grass,null
minecraft:target,target,null
minecraft:test_block,test_block,null
minecraft:test_instance_block,test_instance_block,null
minecraft:tide_armor_trim_smithing_template,tide_armor_trim_smithing_template,null
minecraft:tinted_glass,tinted_glass,null
minecraft:tipped_arrow,tipped_arrow,null
minecraft:torchflower,torchflower,null
minecraft:torchflower_seeds,torchflower_seeds,null
minecraft:trader_llama_spawn_egg,trader_llama_spawn_egg,null
minecraft:trial_key,trial_key,null
minecraft:trial_spawner,trial_spawner,null
minecraft:trident,trident,null
minecraft:tropical_fish_bucket,tropical_fish_bucket,null
minecraft:tropical_fish_spawn_egg,tropical_fish_spawn_egg,null
minecraft:tube_coral,tube_coral,null
minecraft:tube_coral_block,tube_coral_block,null
minecraft:tube_coral_fan,tube_coral_fan,null
minecraft:tuff,tuff,null
minecraft:tuff_brick_slab,tuff_brick_slab,null
minecraft:tuff_brick_stairs,tuff_brick_stairs,null
minecraft:tuff_brick_wall,tuff_brick_wall,null
minecraft:tuff_bricks,tuff_bricks,null
minecraft:tuff_slab,tuff_slab,null
minecraft:tuff_stairs,tuff_stairs,null
minecraft:tuff_wall,tuff_wall,null
minecraft:turtle_egg,turtle_egg,null
minecraft:turtle_helmet,turtle_helmet,null
minecraft:turtle_scute,turtle_scute,null
minecraft:turtle_spawn_egg,turtle_spawn_egg,null
minecraft:twisting_vines,twisting_vines,null
minecraft:vault,vault,null
minecraft:verdant_froglight,verdant_froglight,null
minecraft:vex_armor_trim_smithing_template,vex_armor_trim_smithing_template,null
minecraft:vex_spawn_egg,vex_spawn_egg,null
minecraft:vindicator_spawn_egg,vindicator_spawn_egg,null
minecraft:wandering_trader_spawn_egg,wandering_trader_spawn_egg,null
minecraft:ward_armor_trim_smithing_template,ward_armor_trim_smithing_template,null
minecraft:warden_spawn_egg,warden_spawn_egg,null
minecraft:warped_button,warped_button,null
minecraft:warped_door,warped_door,null
minecraft:warped_fence,warped_fence,null
minecraft:warped_fence_gate,warped_fence_gate,null
minecraft:warped_fungus,warped_fungus,null
minecraft:warped_fungus_on_a_stick,warped_fungus_on_a_stick,null
minecraft:warped_hanging_sign,warped_hanging_sign,null
minecraft:warped_hyphae,warped_hyphae,null
minecraft:warped_nylium,warped_nylium,null
minecraft:warped_planks,warped_planks,null
minecraft:warped_pressure_plate,warped_pressure_plate,null
minecraft:warped_roots,warped_roots,null
minecraft:warped_sign,warped_sign,null
minecraft:warped_slab,warped_slab,null
minecraft:warped_stairs,warped_stairs,null
minecraft:warped_stem,warped_stem,null
minecraft:warped_trapdoor,warped_trapdoor,null
minecraft:warped_wart_block,warped_wart_block,null
minecraft:waxed_chiseled_copper,waxed_chiseled_copper,null
minecraft:waxed_copper_block,waxed_copper_block,null
minecraft:waxed_copper_bulb,waxed_copper_bulb,null
minecraft:waxed_copper_door,waxed_copper_door,null
minecraft:waxed_copper_grate,waxed_copper_grate,null
minecraft:waxed_copper_trapdoor,waxed_copper_trapdoor,null
minecraft:waxed_cut_copper,waxed_cut_copper,null
minecraft:waxed_cut_copper_slab,waxed_cut_copper_slab,null
minecraft:waxed_cut_copper_stairs,waxed_cut_copper_stairs,null
minecraft:waxed_exposed_chiseled_copper,waxed_exposed_chiseled_copper,null
minecraft:waxed_exposed_copper,waxed_exposed_copper,null
minecraft:waxed_exposed_copper_bulb,waxed_exposed_copper_bulb,null
minecraft:waxed_exposed_copper_door,waxed_exposed_copper_door,null
minecraft:waxed_exposed_copper_grate,waxed_exposed_copper_grate,null
minecraft:waxed_exposed_copper_trapdoor,waxed_exposed_copper_trapdoor,null
minecraft:waxed_exposed_cut_copper,waxed_exposed_cut_copper,null
minecraft:waxed_exposed_cut_copper_slab,waxed_exposed_cut_copper_slab,null
minecraft:waxed_exposed_cut_copper_stairs,waxed_exposed_cut_copper_stairs,null
minecraft:waxed_oxidized_chiseled_copper,waxed_oxidized_chiseled_copper,null
minecraft:waxed_oxidized_copper,waxed_oxidized_copper,null
minecraft:waxed_oxidized_copper_bulb,waxed_oxidized_copper_bulb,null
minecraft:waxed_oxidized_copper_door,waxed_oxidized_copper_door,null
minecraft:waxed_oxidized_copper_grate,waxed_oxidized_copper_grate,null
minecraft:waxed_oxidized_copper_trapdoor,waxed_oxidized_copper_trapdoor,null
minecraft:waxed_oxidized_cut_copper,waxed_oxidized_cut_copper,null
minecraft:waxed_oxidized_cut_copper_slab,waxed_oxidized_cut_copper_slab,null
minecraft:waxed_oxidized_cut_copper_stairs,waxed_oxidized_cut_copper_stairs,null
minecraft:waxed_weathered_chiseled_copper,waxed_weathered_chiseled_copper,null
minecraft:waxed_weathered_copper,waxed_weathered_copper,null
minecraft:waxed_weathered_copper_bulb,waxed_weathered_copper_bulb,null
minecraft:waxed_weathered_copper_door,waxed_weathered_copper_door,null
minecraft:waxed_weathered_copper_grate,waxed_weathered_copper_grate,null
minecraft:waxed_weathered_copper_trapdoor,waxed_weathered_copper_trapdoor,null
minecraft:waxed_weathered_cut_copper,waxed_weathered_cut_copper,null
minecraft:waxed_weathered_cut_copper_slab,waxed_weathered_cut_copper_slab,null
minecraft:waxed_weathered_cut_copper_stairs,waxed_weathered_cut_copper_stairs,null
minecraft:wayfinder_armor_trim_smithing_template,wayfinder_armor_trim_smithing_template,null
minecraft:weathered_chiseled_copper,weathered_chiseled_copper,null
minecraft:weathered_copper,weathered_copper,null
minecraft:weathered_copper_bulb,weathered_copper_bulb,null
minecraft:weathered_copper_door,weathered_copper_door,null
minecraft:weathered_copper_grate,weathered_copper_grate,null
minecraft:weathered_copper_trapdoor,weathered_copper_trapdoor,null
minecraft:weathered_cut_copper,weathered_cut_copper,null
minecraft:weathered_cut_copper_slab,weathered_cut_copper_slab,null
minecraft:weathered_cut_copper_stairs,weathered_cut_copper_stairs,null
minecraft:weeping_vines,weeping_vines,null
minecraft:wheat_seeds,wheat_seeds,null
minecraft:white_bundle,white_bundle,null
minecraft:white_candle,white_candle,null
minecraft:white_glazed_terracotta,white_glazed_terracotta,null
minecraft:wild_armor_trim_smithing_template,wild_armor_trim_smithing_template,null
minecraft:wildflowers,wildflowers,null
minecraft:wind_charge,wind_charge,null
minecraft:wither_rose,wither_rose,null
minecraft:wither_skeleton_spawn_egg,wither_skeleton_spawn_egg,null
minecraft:wither_spawn_egg,wither_spawn_egg,null
minecraft:wolf_armor,wolf_armor,null
minecraft:writable_book,writable_book,null
minecraft:yellow_bundle,yellow_bundle,null
minecraft:yellow_candle,yellow_candle,null
minecraft:yellow_glazed_terracotta,yellow_glazed_terracotta,null
minecraft:zoglin_spawn_egg,zoglin_spawn_egg,null
minecraft:zombie_horse_spawn_egg,zombie_horse_spawn_egg,null
minecraft:zombie_villager_spawn_egg,zombie_villager_spawn_egg,null
minecraft:zombified_piglin_spawn_egg,zombified_piglin_spawn_egg,null